percent CD,log dose uM,mean viability,sd viability
100,3,0.032358248,0.004875894
50,3,0.064597887,0.003485415
25,3,0.152869147,0.016354319
12.5,3,0.351929072,0.042422497
0,3,0.937783919,0.026533485
