dose mg/kg,tumor volume mean,tumor volume sem
0,0.803505605,0.803505605
0.1,115.3740114,38.50889045
1,166.5355383,40.29201531
10,190.7720856,35.16373696
