log dose,condition,mean,sem
4,EGFR L,0.016538241,0.001508534
3.5,EGFR L,0.028527393,0.002428682
3,EGFR L,0.034547898,0.004395022
2.5,EGFR L,0.039272223,0.006475615
2,EGFR L,0.043322702,0.002700787
1.5,EGFR L,0.134739512,0.013138923
1,EGFR L,0.630339751,0.010656847
0.5,EGFR L,1.047102719,0.045679095
0,EGFR L,1.103599671,0.114421864
4,EGFR LT,0.391509131,0.040689395
3.5,EGFR LT,0.818507879,0.112800992
3,EGFR LT,1.157115576,0.08915311
2.5,EGFR LT,1.181564335,0.072877748
2,EGFR LT,1.126616812,0.014082232
1.5,EGFR LT,0.977228231,0.079133657
1,EGFR LT,1.109678403,0.099316647
0.5,EGFR LT,1,0.08025791
4,T790M GD -dim,0.004811309,0.000723189
3.5,T790M GD -dim,0.013182684,0.000910667
3,T790M GD -dim,0.022297553,0.001497136
2.5,T790M GD -dim,0.036715908,0.002405384
2,T790M GD -dim,0.085756621,0.004545552
1.5,T790M GD -dim,0.554709683,0.028272597
1,T790M GD -dim,0.899832145,0.031603769
0.5,T790M GD -dim,0.990137581,0.047398583
0,T790M GD -dim,1.01442831,0.069780542
4,T790M GD +dim,0.253780065,0.003929238
3.5,T790M GD +dim,0.672471492,0.045016891
3,T790M GD +dim,0.770427067,0.055119239
2.5,T790M GD +dim,0.884320435,0.048494093
2,T790M GD +dim,0.837862971,0.03142499
1.5,T790M GD +dim,1.005410082,0.03339653
1,T790M GD +dim,0.969635733,0.049545115
0.5,T790M GD +dim,1.210556243,0.126663735
0,T790M GD +dim,1.1188872,0.031075106