log.dose,condition,mean,sem
4,WT,0.02977688,0.00118234
3.5,WT,0.15760741,0.00294104
3,WT,0.31368977,0.00763706
2.5,WT,0.43551507,0.00791868
2,WT,0.60004154,0.01071634
1.5,WT,0.7069606,0.01892254
1,WT,0.79835628,0.02083124
0.5,WT,0.91709589,0.02404403
0,WT,0.97406836,0.00884508
4,G810R,0.05286544,0.0013687
3.5,G810R,0.26960548,0.01422087
3,G810R,0.57874619,0.01830121
2.5,G810R,0.74807844,0.01299736
2,G810R,0.85008349,0.01026481
1.5,G810R,0.87837222,0.01555349
1,G810R,0.91386424,0.01215747
0.5,G810R,0.9887604,0.02768734
0,G810R,1.01629707,0.02974031
4,GD -dim,0.05071661,0.0029852
3.5,GD -dim,0.19739498,0.00523224
3,GD -dim,0.36603602,0.00782827
2.5,GD -dim,0.49470474,0.00920444
2,GD -dim,0.59354318,0.01511787
1.5,GD -dim,0.70100523,0.02373479
1,GD -dim,0.79701825,0.01465522
0.5,GD -dim,0.84249406,0.01992021
0,GD -dim,0.88279954,0.00948433
4,GD +dim,0.06506717,0.00310744
3.5,GD +dim,0.33858639,0.00921417
3,GD +dim,0.70843568,0.02900083
2.5,GD +dim,0.79319854,0.01201219
2,GD +dim,0.87282624,0.02625999
1.5,GD +dim,0.908399,0.02397362
1,GD +dim,0.87570821,0.03008282
0.5,GD +dim,0.91781782,0.02850052
0,GD +dim,0.89165078,0.01585678